<Footprint name="RES_RC1206_YAG-L" >
  <Units type="mils" precision="3" />
  <Extents minX="-2350" minY="-2422.5" width="3908" height="4008.5" />
  <Padstack name="RX28Y65D0T" type="single" > 
    <Layers>
      <Layer name="TOP" >
        <Pad shape="rectangle" width="28" height="65" /> 
      </Layer>
      <Layer name="PASTEMASK_TOP" >
        <Pad shape="rectangle" width="28" height="65" /> 
      </Layer>
      <Layer name="SOLDERMASK_TOP" >
        <Pad shape="rectangle" width="28" height="65" /> 
      </Layer>
    </Layers>
  </Padstack>

  <TextBlocks>
    <TextBlock name="17" width="6.25" height="25" lineSpacing="25" characterSpacing="6.25" /> 
  </TextBlocks>

  <Pins>
    <Pin number="1" padName="RX28Y65D0T" originX="-53" originY="0" rotation="0" isMechanical="no" textBlk="1" />
    <Pin number="2" padName="RX28Y65D0T" originX="53" originY="0" rotation="0" isMechanical="no" textBlk="1" />
  </Pins>
  <Vias>
  </Vias>
  <Layers>
    <Layer name="VIA KEEPOUT/TOP" packageHeight="26" >
      <Path lineWidth="6" type="shape" >
        <Point x="-37" y="33.5" />
        <Point x="37" y="33.5" />
        <Point x="37" y="-33.5" />
        <Point x="-37" y="-33.5" />
        <Point x="-37" y="33.5" />
      </Path>
    </Layer>
    <Layer name="ROUTE KEEPOUT/TOP" packageHeight="26" >
      <Path lineWidth="6" type="shape" >
        <Point x="-37" y="33.5" />
        <Point x="37" y="33.5" />
        <Point x="37" y="-33.5" />
        <Point x="-37" y="-33.5" />
        <Point x="-37" y="33.5" />
      </Path>
    </Layer>
    <Layer name="PACKAGE GEOMETRY/PLACE_BOUND_TOP" packageHeight="26" packageHeightMin="0">
      <Path lineWidth="6" type="shape" >
        <Point x="-71" y="-36.5" />
        <Point x="-71" y="36.5" />
        <Point x="71" y="36.5" />
        <Point x="71" y="-36.5" />
        <Point x="-71" y="-36.5" />
      </Path>
    </Layer>
    <Layer name="ROUTEKEEPOUT/TOP" packageHeight="26" >
      <Path lineWidth="6" type="shape" >
        <Point x="-37" y="31.5" />
        <Point x="37" y="31.5" />
        <Point x="37" y="-31.5" />
        <Point x="-37" y="-31.5" />
        <Point x="-37" y="31.5" />
      </Path>
    </Layer>
    <Layer name="MANUFACTURING/NO_PROBE_TOP" packageHeight="26" >
      <Path lineWidth="6" type="shape" >
        <Point x="-82" y="-47.5" />
        <Point x="-82" y="47.5" />
        <Point x="82" y="47.5" />
        <Point x="82" y="-47.5" />
        <Point x="-82" y="-47.5" />
      </Path>
    </Layer>
    <Layer name="REF DES/SILKSCREEN_TOP" packageHeight="26" >
      <Label layer="REF DES/SILKSCREEN_TOP" textBlock="3" angle="0" x="0" y="-25" text="Ref" justify="center" />
    </Layer>
    <Layer name="DEVICE TYPE/SILKSCREEN_TOP" packageHeight="26" >
      <Label layer="DEVICE TYPE/SILKSCREEN_TOP" textBlock="3" angle="0" x="0" y="-25" text="Dev" justify="center" />
    </Layer>
    <Layer name="USER PART NUMBER/SILKSCREEN_TOP" packageHeight="26" >
      <Label layer="USER PART NUMBER/SILKSCREEN_TOP" textBlock="3" angle="0" x="0" y="-25" text="PN" justify="center" />
    </Layer>
    <Layer name="DEVICE TYPE/ASSEMBLY_TOP" packageHeight="26" >
      <Label layer="DEVICE TYPE/ASSEMBLY_TOP" textBlock="3" angle="0" x="0" y="-25" text="DEV" justify="center" />
    </Layer>
    <Layer name="COMPONENT VALUE/SILKSCREEN_TOP" packageHeight="26" >
      <Label layer="COMPONENT VALUE/SILKSCREEN_TOP" textBlock="3" angle="0" x="0" y="-25" text="VAL" justify="center" />
    </Layer>
    <Layer name="TOLERANCE/SILKSCREEN_TOP" packageHeight="26" >
      <Label layer="TOLERANCE/SILKSCREEN_TOP" textBlock="3" angle="0" x="0" y="-25" text="TOL" justify="center" />
    </Layer>
    <Layer name="REF DES/ASSEMBLY_TOP" packageHeight="26" >
      <Label layer="REF DES/ASSEMBLY_TOP" textBlock="3" angle="0" x="0" y="-25" text="Ref" justify="center" />
    </Layer>
    <Layer name="PACKAGE GEOMETRY/ASSEMBLY_TOP" packageHeight="26" >
      <Path lineWidth="0" type="line" >
        <Point x="-39" y="-33.5" />
        <Point x="-39" y="33.5" />
      </Path>
    </Layer>
    <Layer name="PACKAGE GEOMETRY/ASSEMBLY_TOP" packageHeight="26" >
      <Path lineWidth="0" type="line" >
        <Point x="-39" y="33.5" />
        <Point x="-63" y="33.5" />
      </Path>
    </Layer>
    <Layer name="PACKAGE GEOMETRY/ASSEMBLY_TOP" packageHeight="26" >
      <Path lineWidth="0" type="line" >
        <Point x="-63" y="33.5" />
        <Point x="-63" y="-33.5" />
      </Path>
    </Layer>
    <Layer name="PACKAGE GEOMETRY/ASSEMBLY_TOP" packageHeight="26" >
      <Path lineWidth="0" type="line" >
        <Point x="-63" y="-33.5" />
        <Point x="-39" y="-33.5" />
      </Path>
    </Layer>
    <Layer name="PACKAGE GEOMETRY/ASSEMBLY_TOP" packageHeight="26" >
      <Path lineWidth="0" type="line" >
        <Point x="39" y="33.5" />
        <Point x="39" y="-33.5" />
      </Path>
    </Layer>
    <Layer name="PACKAGE GEOMETRY/ASSEMBLY_TOP" packageHeight="26" >
      <Path lineWidth="0" type="line" >
        <Point x="39" y="-33.5" />
        <Point x="63" y="-33.5" />
      </Path>
    </Layer>
    <Layer name="PACKAGE GEOMETRY/ASSEMBLY_TOP" packageHeight="26" >
      <Path lineWidth="0" type="line" >
        <Point x="63" y="-33.5" />
        <Point x="63" y="33.5" />
      </Path>
    </Layer>
    <Layer name="PACKAGE GEOMETRY/ASSEMBLY_TOP" packageHeight="26" >
      <Path lineWidth="0" type="line" >
        <Point x="63" y="33.5" />
        <Point x="39" y="33.5" />
      </Path>
    </Layer>
    <Layer name="PACKAGE GEOMETRY/SILKSCREEN_TOP" packageHeight="26" >
      <Path lineWidth="6" type="line" >
        <Point x="-27.3548" y="-38.5" />
        <Point x="27.3548" y="-38.5" />
      </Path>
    </Layer>
    <Layer name="PACKAGE GEOMETRY/SILKSCREEN_TOP" packageHeight="26" >
      <Path lineWidth="6" type="line" >
        <Point x="27.3548" y="38.5" />
        <Point x="-27.3548" y="38.5" />
      </Path>
    </Layer>
    <Layer name="PACKAGE GEOMETRY/ASSEMBLY_TOP" packageHeight="26" >
      <Path lineWidth="0" type="line" >
        <Point x="-63" y="-33.5" />
        <Point x="63" y="-33.5" />
      </Path>
    </Layer>
    <Layer name="PACKAGE GEOMETRY/ASSEMBLY_TOP" packageHeight="26" >
      <Path lineWidth="0" type="line" >
        <Point x="63" y="-33.5" />
        <Point x="63" y="33.5" />
      </Path>
    </Layer>
    <Layer name="PACKAGE GEOMETRY/ASSEMBLY_TOP" packageHeight="26" >
      <Path lineWidth="0" type="line" >
        <Point x="63" y="33.5" />
        <Point x="-63" y="33.5" />
      </Path>
    </Layer>
    <Layer name="PACKAGE GEOMETRY/ASSEMBLY_TOP" packageHeight="26" >
      <Path lineWidth="0" type="line" >
        <Point x="-63" y="33.5" />
        <Point x="-63" y="-33.5" />
      </Path>
    </Layer>
  </Layers>
  <Step file="RES_RC1206_YAG.step" rotation_x="0" />
</Footprint>
