<Footprint name="RC0805N_YAG-L" >
  <Units type="mils" precision="3" />
  <Extents minX="-2412.5" minY="-2492.5" width="3947" height="4057" />
  <Padstack name="RX32Y45D0T" type="single" > 
    <Layers>
      <Layer name="TOP" >
        <Pad shape="rectangle" width="32" height="45" /> 
      </Layer>
      <Layer name="PASTEMASK_TOP" >
        <Pad shape="rectangle" width="32" height="45" /> 
      </Layer>
      <Layer name="SOLDERMASK_TOP" >
        <Pad shape="rectangle" width="32" height="45" /> 
      </Layer>
    </Layers>
  </Padstack>

  <TextBlocks>
    <TextBlock name="17" width="6.25" height="25" lineSpacing="25" characterSpacing="6.25" /> 
  </TextBlocks>

  <Pins>
    <Pin number="1" padName="RX32Y45D0T" originX="-29.5" originY="0" rotation="0" isMechanical="no" textBlk="1" />
    <Pin number="2" padName="RX32Y45D0T" originX="29.5" originY="0" rotation="0" isMechanical="no" textBlk="1" />
  </Pins>
  <Vias>
  </Vias>
  <Layers>
    <Layer name="VIA KEEPOUT/TOP" packageHeight="28" >
      <Path lineWidth="6" type="shape" >
        <Point x="-11.5" y="23.5" />
        <Point x="11.5" y="23.5" />
        <Point x="11.5" y="-23.5" />
        <Point x="-11.5" y="-23.5" />
        <Point x="-11.5" y="23.5" />
      </Path>
    </Layer>
    <Layer name="ROUTE KEEPOUT/TOP" packageHeight="28" >
      <Path lineWidth="6" type="shape" >
        <Point x="-11.5" y="23.5" />
        <Point x="11.5" y="23.5" />
        <Point x="11.5" y="-23.5" />
        <Point x="-11.5" y="-23.5" />
        <Point x="-11.5" y="23.5" />
      </Path>
    </Layer>
    <Layer name="ROUTEKEEPOUT/TOP" packageHeight="28" >
      <Path lineWidth="6" type="shape" >
        <Point x="-11.5" y="21.5" />
        <Point x="11.5" y="21.5" />
        <Point x="11.5" y="-21.5" />
        <Point x="-11.5" y="-21.5" />
        <Point x="-11.5" y="21.5" />
      </Path>
    </Layer>
    <Layer name="PACKAGE GEOMETRY/PLACE_BOUND_TOP" packageHeight="28" packageHeightMin="0">
      <Path lineWidth="6" type="shape" >
        <Point x="-49.5" y="-26.5" />
        <Point x="-49.5" y="26.5" />
        <Point x="49.5" y="26.5" />
        <Point x="49.5" y="-26.5" />
        <Point x="-49.5" y="-26.5" />
      </Path>
    </Layer>
    <Layer name="MANUFACTURING/NO_PROBE_TOP" packageHeight="28" >
      <Path lineWidth="6" type="shape" >
        <Point x="-60.5" y="-37.5" />
        <Point x="-60.5" y="37.5" />
        <Point x="60.5" y="37.5" />
        <Point x="60.5" y="-37.5" />
        <Point x="-60.5" y="-37.5" />
      </Path>
    </Layer>
    <Layer name="REF DES/SILKSCREEN_TOP" packageHeight="28" >
      <Label layer="REF DES/SILKSCREEN_TOP" textBlock="3" angle="0" x="0" y="-25" text="Ref" justify="center" />
    </Layer>
    <Layer name="DEVICE TYPE/SILKSCREEN_TOP" packageHeight="28" >
      <Label layer="DEVICE TYPE/SILKSCREEN_TOP" textBlock="3" angle="0" x="0" y="-25" text="Dev" justify="center" />
    </Layer>
    <Layer name="USER PART NUMBER/SILKSCREEN_TOP" packageHeight="28" >
      <Label layer="USER PART NUMBER/SILKSCREEN_TOP" textBlock="3" angle="0" x="0" y="-25" text="PN" justify="center" />
    </Layer>
    <Layer name="DEVICE TYPE/ASSEMBLY_TOP" packageHeight="28" >
      <Label layer="DEVICE TYPE/ASSEMBLY_TOP" textBlock="3" angle="0" x="0" y="-25" text="DEV" justify="center" />
    </Layer>
    <Layer name="COMPONENT VALUE/SILKSCREEN_TOP" packageHeight="28" >
      <Label layer="COMPONENT VALUE/SILKSCREEN_TOP" textBlock="3" angle="0" x="0" y="-25" text="VAL" justify="center" />
    </Layer>
    <Layer name="TOLERANCE/SILKSCREEN_TOP" packageHeight="28" >
      <Label layer="TOLERANCE/SILKSCREEN_TOP" textBlock="3" angle="0" x="0" y="-25" text="TOL" justify="center" />
    </Layer>
    <Layer name="REF DES/ASSEMBLY_TOP" packageHeight="28" >
      <Label layer="REF DES/ASSEMBLY_TOP" textBlock="3" angle="0" x="0" y="-25" text="Ref" justify="center" />
    </Layer>
    <Layer name="PACKAGE GEOMETRY/ASSEMBLY_TOP" packageHeight="28" >
      <Path lineWidth="0" type="line" >
        <Point x="-13.5" y="-23.5" />
        <Point x="-13.5" y="23.5" />
      </Path>
    </Layer>
    <Layer name="PACKAGE GEOMETRY/ASSEMBLY_TOP" packageHeight="28" >
      <Path lineWidth="0" type="line" >
        <Point x="-13.5" y="23.5" />
        <Point x="-39.5" y="23.5" />
      </Path>
    </Layer>
    <Layer name="PACKAGE GEOMETRY/ASSEMBLY_TOP" packageHeight="28" >
      <Path lineWidth="0" type="line" >
        <Point x="-39.5" y="23.5" />
        <Point x="-39.5" y="-23.5" />
      </Path>
    </Layer>
    <Layer name="PACKAGE GEOMETRY/ASSEMBLY_TOP" packageHeight="28" >
      <Path lineWidth="0" type="line" >
        <Point x="-39.5" y="-23.5" />
        <Point x="-13.5" y="-23.5" />
      </Path>
    </Layer>
    <Layer name="PACKAGE GEOMETRY/ASSEMBLY_TOP" packageHeight="28" >
      <Path lineWidth="0" type="line" >
        <Point x="13.5" y="23.5" />
        <Point x="13.5" y="-23.5" />
      </Path>
    </Layer>
    <Layer name="PACKAGE GEOMETRY/ASSEMBLY_TOP" packageHeight="28" >
      <Path lineWidth="0" type="line" >
        <Point x="13.5" y="-23.5" />
        <Point x="39.5" y="-23.5" />
      </Path>
    </Layer>
    <Layer name="PACKAGE GEOMETRY/ASSEMBLY_TOP" packageHeight="28" >
      <Path lineWidth="0" type="line" >
        <Point x="39.5" y="-23.5" />
        <Point x="39.5" y="23.5" />
      </Path>
    </Layer>
    <Layer name="PACKAGE GEOMETRY/ASSEMBLY_TOP" packageHeight="28" >
      <Path lineWidth="0" type="line" >
        <Point x="39.5" y="23.5" />
        <Point x="13.5" y="23.5" />
      </Path>
    </Layer>
    <Layer name="PACKAGE GEOMETRY/ASSEMBLY_TOP" packageHeight="28" >
      <Path lineWidth="0" type="line" >
        <Point x="-39.5" y="-23.5" />
        <Point x="39.5" y="-23.5" />
      </Path>
    </Layer>
    <Layer name="PACKAGE GEOMETRY/ASSEMBLY_TOP" packageHeight="28" >
      <Path lineWidth="0" type="line" >
        <Point x="39.5" y="-23.5" />
        <Point x="39.5" y="23.5" />
      </Path>
    </Layer>
    <Layer name="PACKAGE GEOMETRY/ASSEMBLY_TOP" packageHeight="28" >
      <Path lineWidth="0" type="line" >
        <Point x="39.5" y="23.5" />
        <Point x="-39.5" y="23.5" />
      </Path>
    </Layer>
    <Layer name="PACKAGE GEOMETRY/ASSEMBLY_TOP" packageHeight="28" >
      <Path lineWidth="0" type="line" >
        <Point x="-39.5" y="23.5" />
        <Point x="-39.5" y="-23.5" />
      </Path>
    </Layer>
  </Layers>
  <Step file="RC0805N_YAG.step" rotation_x="0" />
</Footprint>
