<Footprint name="SOT223-3_MXL-L" >
  <Units type="mils" precision="3" />
  <Extents minX="-2627" minY="-2549.5" width="4279" height="4250.5" />
  <Padstack name="RX33Y46D0T" type="single" > 
    <Layers>
      <Layer name="TOP" >
        <Pad shape="rectangle" width="33" height="46" /> 
      </Layer>
      <Layer name="PASTEMASK_TOP" >
        <Pad shape="rectangle" width="33" height="46" /> 
      </Layer>
      <Layer name="SOLDERMASK_TOP" >
        <Pad shape="rectangle" width="33" height="46" /> 
      </Layer>
    </Layers>
  </Padstack>
  <Padstack name="RX122Y46D0T" type="single" > 
    <Layers>
      <Layer name="TOP" >
        <Pad shape="rectangle" width="122" height="46" /> 
      </Layer>
      <Layer name="PASTEMASK_TOP" >
        <Pad shape="rectangle" width="122" height="46" /> 
      </Layer>
      <Layer name="SOLDERMASK_TOP" >
        <Pad shape="rectangle" width="122" height="46" /> 
      </Layer>
    </Layers>
  </Padstack>

  <TextBlocks>
    <TextBlock name="17" width="6.25" height="25" lineSpacing="25" characterSpacing="6.25" /> 
  </TextBlocks>

  <Pins>
    <Pin number="1" padName="RX33Y46D0T" originX="-91" originY="-126.5" rotation="0" isMechanical="no" textBlk="1" />
    <Pin number="2" padName="RX33Y46D0T" originX="0" originY="-126.5" rotation="0" isMechanical="no" textBlk="1" />
    <Pin number="3" padName="RX33Y46D0T" originX="91" originY="-126.5" rotation="0" isMechanical="no" textBlk="1" />
    <Pin number="4" padName="RX122Y46D0T" originX="0" originY="126.5" rotation="0" isMechanical="no" textBlk="1" />
  </Pins>
  <Vias>
  </Vias>
  <Layers>
    <Layer name="PACKAGE GEOMETRY/ASSEMBLY_TOP" packageHeight="71" >
      <Path lineWidth="0" type="line" >
        <Point x="-74.5" y="-73" />
        <Point x="-107.5" y="-73" />
      </Path>
    </Layer>
    <Layer name="PACKAGE GEOMETRY/ASSEMBLY_TOP" packageHeight="71" >
      <Path lineWidth="0" type="line" >
        <Point x="-107.5" y="-73" />
        <Point x="-107.5" y="-143.5" />
      </Path>
    </Layer>
    <Layer name="PACKAGE GEOMETRY/ASSEMBLY_TOP" packageHeight="71" >
      <Path lineWidth="0" type="line" >
        <Point x="-107.5" y="-143.5" />
        <Point x="-74.5" y="-143.5" />
      </Path>
    </Layer>
    <Layer name="PACKAGE GEOMETRY/ASSEMBLY_TOP" packageHeight="71" >
      <Path lineWidth="0" type="line" >
        <Point x="-74.5" y="-143.5" />
        <Point x="-74.5" y="-73" />
      </Path>
    </Layer>
    <Layer name="PACKAGE GEOMETRY/ASSEMBLY_TOP" packageHeight="71" >
      <Path lineWidth="0" type="line" >
        <Point x="16.5" y="-73" />
        <Point x="-16.5" y="-73" />
      </Path>
    </Layer>
    <Layer name="PACKAGE GEOMETRY/ASSEMBLY_TOP" packageHeight="71" >
      <Path lineWidth="0" type="line" >
        <Point x="-16.5" y="-73" />
        <Point x="-16.5" y="-143.5" />
      </Path>
    </Layer>
    <Layer name="PACKAGE GEOMETRY/ASSEMBLY_TOP" packageHeight="71" >
      <Path lineWidth="0" type="line" >
        <Point x="-16.5" y="-143.5" />
        <Point x="16.5" y="-143.5" />
      </Path>
    </Layer>
    <Layer name="PACKAGE GEOMETRY/ASSEMBLY_TOP" packageHeight="71" >
      <Path lineWidth="0" type="line" >
        <Point x="16.5" y="-143.5" />
        <Point x="16.5" y="-73" />
      </Path>
    </Layer>
    <Layer name="PACKAGE GEOMETRY/ASSEMBLY_TOP" packageHeight="71" >
      <Path lineWidth="0" type="line" >
        <Point x="107.5" y="-73" />
        <Point x="74.5" y="-73" />
      </Path>
    </Layer>
    <Layer name="PACKAGE GEOMETRY/ASSEMBLY_TOP" packageHeight="71" >
      <Path lineWidth="0" type="line" >
        <Point x="74.5" y="-73" />
        <Point x="74.5" y="-143.5" />
      </Path>
    </Layer>
    <Layer name="PACKAGE GEOMETRY/ASSEMBLY_TOP" packageHeight="71" >
      <Path lineWidth="0" type="line" >
        <Point x="74.5" y="-143.5" />
        <Point x="107.5" y="-143.5" />
      </Path>
    </Layer>
    <Layer name="PACKAGE GEOMETRY/ASSEMBLY_TOP" packageHeight="71" >
      <Path lineWidth="0" type="line" >
        <Point x="107.5" y="-143.5" />
        <Point x="107.5" y="-73" />
      </Path>
    </Layer>
    <Layer name="PACKAGE GEOMETRY/ASSEMBLY_TOP" packageHeight="71" >
      <Path lineWidth="0" type="line" >
        <Point x="-61" y="73" />
        <Point x="61" y="73" />
      </Path>
    </Layer>
    <Layer name="PACKAGE GEOMETRY/ASSEMBLY_TOP" packageHeight="71" >
      <Path lineWidth="0" type="line" >
        <Point x="61" y="73" />
        <Point x="61" y="143.5" />
      </Path>
    </Layer>
    <Layer name="PACKAGE GEOMETRY/ASSEMBLY_TOP" packageHeight="71" >
      <Path lineWidth="0" type="line" >
        <Point x="61" y="143.5" />
        <Point x="-61" y="143.5" />
      </Path>
    </Layer>
    <Layer name="PACKAGE GEOMETRY/ASSEMBLY_TOP" packageHeight="71" >
      <Path lineWidth="0" type="line" >
        <Point x="-61" y="143.5" />
        <Point x="-61" y="73" />
      </Path>
    </Layer>
    <Layer name="PACKAGE GEOMETRY/PLACE_BOUND_TOP" packageHeight="71" packageHeightMin="10">
      <Path lineWidth="6" type="shape" >
        <Point x="-142" y="83" />
        <Point x="-71" y="83" />
        <Point x="-71" y="159.5" />
        <Point x="71" y="159.5" />
        <Point x="71" y="83" />
        <Point x="142" y="83" />
        <Point x="142" y="-83" />
        <Point x="117.5" y="-83" />
        <Point x="117.5" y="-159.5" />
        <Point x="-117.5" y="-159.5" />
        <Point x="-117.5" y="-83" />
        <Point x="-142" y="-83" />
        <Point x="-142" y="83" />
      </Path>
    </Layer>
    <Layer name="MANUFACTURING/NO_PROBE_TOP" packageHeight="71" >
      <Path lineWidth="6" type="shape" >
        <Point x="147" y="158.5" />
        <Point x="147" y="-164.5" />
        <Point x="-147" y="-164.5" />
        <Point x="-147" y="158.5" />
        <Point x="147" y="158.5" />
      </Path>
    </Layer>
    <Layer name="REF DES/SILKSCREEN_TOP" packageHeight="71" >
      <Label layer="REF DES/SILKSCREEN_TOP" textBlock="3" angle="0" x="0" y="-25" text="Ref" justify="center" />
    </Layer>
    <Layer name="DEVICE TYPE/SILKSCREEN_TOP" packageHeight="71" >
      <Label layer="DEVICE TYPE/SILKSCREEN_TOP" textBlock="3" angle="0" x="0" y="-25" text="Dev" justify="center" />
    </Layer>
    <Layer name="USER PART NUMBER/SILKSCREEN_TOP" packageHeight="71" >
      <Label layer="USER PART NUMBER/SILKSCREEN_TOP" textBlock="3" angle="0" x="0" y="-25" text="PN" justify="center" />
    </Layer>
    <Layer name="DEVICE TYPE/ASSEMBLY_TOP" packageHeight="71" >
      <Label layer="DEVICE TYPE/ASSEMBLY_TOP" textBlock="3" angle="0" x="0" y="-25" text="DEV" justify="center" />
    </Layer>
    <Layer name="COMPONENT VALUE/SILKSCREEN_TOP" packageHeight="71" >
      <Label layer="COMPONENT VALUE/SILKSCREEN_TOP" textBlock="3" angle="0" x="0" y="-25" text="VAL" justify="center" />
    </Layer>
    <Layer name="TOLERANCE/SILKSCREEN_TOP" packageHeight="71" >
      <Label layer="TOLERANCE/SILKSCREEN_TOP" textBlock="3" angle="0" x="0" y="-25" text="TOL" justify="center" />
    </Layer>
    <Layer name="REF DES/ASSEMBLY_TOP" packageHeight="71" >
      <Label layer="REF DES/ASSEMBLY_TOP" textBlock="3" angle="0" x="0" y="-25" text="Ref" justify="center" />
    </Layer>
    <Layer name="PACKAGE GEOMETRY/ASSEMBLY_TOP" packageHeight="71" >
      <Circle type="line"  lineWidth="0" originX="-122" originY="-63" radius="5" > 
    </Layer>
    <Layer name="PACKAGE GEOMETRY/SILKSCREEN_TOP" packageHeight="71" >
      <Circle type="line"  lineWidth="6" originX="-182" originY="-143.5" radius="5" > 
    </Layer>
    <Layer name="PACKAGE GEOMETRY/SILKSCREEN_TOP" packageHeight="71" >
      <Path lineWidth="6" type="line" >
        <Point x="-137" y="-78" />
        <Point x="137" y="-78" />
      </Path>
    </Layer>
    <Layer name="PACKAGE GEOMETRY/SILKSCREEN_TOP" packageHeight="71" >
      <Path lineWidth="6" type="line" >
        <Point x="137" y="-78" />
        <Point x="137" y="78" />
      </Path>
    </Layer>
    <Layer name="PACKAGE GEOMETRY/SILKSCREEN_TOP" packageHeight="71" >
      <Path lineWidth="6" type="line" >
        <Point x="137" y="78" />
        <Point x="-137" y="78" />
      </Path>
    </Layer>
    <Layer name="PACKAGE GEOMETRY/SILKSCREEN_TOP" packageHeight="71" >
      <Path lineWidth="6" type="line" >
        <Point x="-137" y="78" />
        <Point x="-137" y="-78" />
      </Path>
    </Layer>
    <Layer name="PACKAGE GEOMETRY/ASSEMBLY_TOP" packageHeight="71" >
      <Path lineWidth="0" type="line" >
        <Point x="-132" y="-73" />
        <Point x="132" y="-73" />
      </Path>
    </Layer>
    <Layer name="PACKAGE GEOMETRY/ASSEMBLY_TOP" packageHeight="71" >
      <Path lineWidth="0" type="line" >
        <Point x="132" y="-73" />
        <Point x="132" y="73" />
      </Path>
    </Layer>
    <Layer name="PACKAGE GEOMETRY/ASSEMBLY_TOP" packageHeight="71" >
      <Path lineWidth="0" type="line" >
        <Point x="132" y="73" />
        <Point x="-132" y="73" />
      </Path>
    </Layer>
    <Layer name="PACKAGE GEOMETRY/ASSEMBLY_TOP" packageHeight="71" >
      <Path lineWidth="0" type="line" >
        <Point x="-132" y="73" />
        <Point x="-132" y="-73" />
      </Path>
    </Layer>
  </Layers>
  <Step file="SOT223-3_MXL.step" rotation_x="0" />
</Footprint>
