<Footprint name="AP2112K-1P8TRG1_DIO-M" >
  <Units type="mils" precision="3" />
  <Extents minX="-2527.27755737305" minY="-2561" width="4079.55511474609" height="4250" />
  <Padstack name="RX47p56Y22D0T" type="single" > 
    <Layers>
      <Layer name="TOP" >
        <Pad shape="rectangle" width="47.5551" height="22" /> 
      </Layer>
      <Layer name="PASTEMASK_TOP" >
        <Pad shape="rectangle" width="47.5551" height="22" /> 
      </Layer>
      <Layer name="SOLDERMASK_TOP" >
        <Pad shape="rectangle" width="47.5551" height="22" /> 
      </Layer>
    </Layers>
  </Padstack>

  <TextBlocks>
    <TextBlock name="17" width="6.25" height="25" lineSpacing="25" characterSpacing="6.25" /> 
  </TextBlocks>

  <Pins>
    <Pin number="1" padName="RX47p56Y22D0T" originX="-57.2775" originY="37.4016" rotation="0" isMechanical="no" textBlk="1" />
    <Pin number="2" padName="RX47p56Y22D0T" originX="-57.2775" originY="0" rotation="0" isMechanical="no" textBlk="1" />
    <Pin number="3" padName="RX47p56Y22D0T" originX="-57.2775" originY="-37.4016" rotation="0" isMechanical="no" textBlk="1" />
    <Pin number="4" padName="RX47p56Y22D0T" originX="57.2775" originY="-37.4016" rotation="0" isMechanical="no" textBlk="1" />
    <Pin number="5" padName="RX47p56Y22D0T" originX="57.2775" originY="37.4016" rotation="0" isMechanical="no" textBlk="1" />
  </Pins>
  <Vias>
  </Vias>
  <Layers>
    <Layer name="PACKAGE GEOMETRY/ASSEMBLY_TOP" packageHeight="45" >
      <Path lineWidth="0" type="line" >
        <Point x="-33.5" y="27.4016" />
        <Point x="-33.5" y="47.4016" />
      </Path>
    </Layer>
    <Layer name="PACKAGE GEOMETRY/ASSEMBLY_TOP" packageHeight="45" >
      <Path lineWidth="0" type="line" >
        <Point x="-33.5" y="47.4016" />
        <Point x="-59.0551" y="47.4016" />
      </Path>
    </Layer>
    <Layer name="PACKAGE GEOMETRY/ASSEMBLY_TOP" packageHeight="45" >
      <Path lineWidth="0" type="line" >
        <Point x="-59.0551" y="47.4016" />
        <Point x="-59.0551" y="27.4016" />
      </Path>
    </Layer>
    <Layer name="PACKAGE GEOMETRY/ASSEMBLY_TOP" packageHeight="45" >
      <Path lineWidth="0" type="line" >
        <Point x="-59.0551" y="27.4016" />
        <Point x="-33.5" y="27.4016" />
      </Path>
    </Layer>
    <Layer name="PACKAGE GEOMETRY/ASSEMBLY_TOP" packageHeight="45" >
      <Path lineWidth="0" type="line" >
        <Point x="-33.5" y="-10" />
        <Point x="-33.5" y="10" />
      </Path>
    </Layer>
    <Layer name="PACKAGE GEOMETRY/ASSEMBLY_TOP" packageHeight="45" >
      <Path lineWidth="0" type="line" >
        <Point x="-33.5" y="10" />
        <Point x="-59.0551" y="10" />
      </Path>
    </Layer>
    <Layer name="PACKAGE GEOMETRY/ASSEMBLY_TOP" packageHeight="45" >
      <Path lineWidth="0" type="line" >
        <Point x="-59.0551" y="10" />
        <Point x="-59.0551" y="-10" />
      </Path>
    </Layer>
    <Layer name="PACKAGE GEOMETRY/ASSEMBLY_TOP" packageHeight="45" >
      <Path lineWidth="0" type="line" >
        <Point x="-59.0551" y="-10" />
        <Point x="-33.5" y="-10" />
      </Path>
    </Layer>
    <Layer name="PACKAGE GEOMETRY/ASSEMBLY_TOP" packageHeight="45" >
      <Path lineWidth="0" type="line" >
        <Point x="-33.5" y="-47.4016" />
        <Point x="-33.5" y="-27.4016" />
      </Path>
    </Layer>
    <Layer name="PACKAGE GEOMETRY/ASSEMBLY_TOP" packageHeight="45" >
      <Path lineWidth="0" type="line" >
        <Point x="-33.5" y="-27.4016" />
        <Point x="-59.0551" y="-27.4016" />
      </Path>
    </Layer>
    <Layer name="PACKAGE GEOMETRY/ASSEMBLY_TOP" packageHeight="45" >
      <Path lineWidth="0" type="line" >
        <Point x="-59.0551" y="-27.4016" />
        <Point x="-59.0551" y="-47.4016" />
      </Path>
    </Layer>
    <Layer name="PACKAGE GEOMETRY/ASSEMBLY_TOP" packageHeight="45" >
      <Path lineWidth="0" type="line" >
        <Point x="-59.0551" y="-47.4016" />
        <Point x="-33.5" y="-47.4016" />
      </Path>
    </Layer>
    <Layer name="PACKAGE GEOMETRY/ASSEMBLY_TOP" packageHeight="45" >
      <Path lineWidth="0" type="line" >
        <Point x="33.5" y="-27.4016" />
        <Point x="33.5" y="-47.4016" />
      </Path>
    </Layer>
    <Layer name="PACKAGE GEOMETRY/ASSEMBLY_TOP" packageHeight="45" >
      <Path lineWidth="0" type="line" >
        <Point x="33.5" y="-47.4016" />
        <Point x="59.0551" y="-47.4016" />
      </Path>
    </Layer>
    <Layer name="PACKAGE GEOMETRY/ASSEMBLY_TOP" packageHeight="45" >
      <Path lineWidth="0" type="line" >
        <Point x="59.0551" y="-47.4016" />
        <Point x="59.0551" y="-27.4016" />
      </Path>
    </Layer>
    <Layer name="PACKAGE GEOMETRY/ASSEMBLY_TOP" packageHeight="45" >
      <Path lineWidth="0" type="line" >
        <Point x="59.0551" y="-27.4016" />
        <Point x="33.5" y="-27.4016" />
      </Path>
    </Layer>
    <Layer name="PACKAGE GEOMETRY/ASSEMBLY_TOP" packageHeight="45" >
      <Path lineWidth="0" type="line" >
        <Point x="33.5" y="47.4016" />
        <Point x="33.5" y="27.4016" />
      </Path>
    </Layer>
    <Layer name="PACKAGE GEOMETRY/ASSEMBLY_TOP" packageHeight="45" >
      <Path lineWidth="0" type="line" >
        <Point x="33.5" y="27.4016" />
        <Point x="59.0551" y="27.4016" />
      </Path>
    </Layer>
    <Layer name="PACKAGE GEOMETRY/ASSEMBLY_TOP" packageHeight="45" >
      <Path lineWidth="0" type="line" >
        <Point x="59.0551" y="27.4016" />
        <Point x="59.0551" y="47.4016" />
      </Path>
    </Layer>
    <Layer name="PACKAGE GEOMETRY/ASSEMBLY_TOP" packageHeight="45" >
      <Path lineWidth="0" type="line" >
        <Point x="59.0551" y="47.4016" />
        <Point x="33.5" y="47.4016" />
      </Path>
    </Layer>
    <Layer name="PACKAGE GEOMETRY/PLACE_BOUND_TOP" packageHeight="45" packageHeightMin="0">
      <Path lineWidth="6" type="shape" >
        <Point x="-101.0551" y="-68.4016" />
        <Point x="-101.0551" y="68.4016" />
        <Point x="-53.5" y="68.4016" />
        <Point x="-53.5" y="81" />
        <Point x="53.5" y="81" />
        <Point x="53.5" y="68.4016" />
        <Point x="101.0551" y="68.4016" />
        <Point x="101.0551" y="-68.4016" />
        <Point x="53.5" y="-68.4016" />
        <Point x="53.5" y="-81" />
        <Point x="-53.5" y="-81" />
        <Point x="-53.5" y="-68.4016" />
        <Point x="-101.0551" y="-68.4016" />
      </Path>
    </Layer>
    <Layer name="MANUFACTURING/NO_PROBE_TOP" packageHeight="45" >
      <Path lineWidth="6" type="shape" >
        <Point x="-116.0551" y="-96" />
        <Point x="-116.0551" y="96" />
        <Point x="116.0551" y="96" />
        <Point x="116.0551" y="-96" />
        <Point x="-116.0551" y="-96" />
      </Path>
    </Layer>
    <Layer name="REF DES/SILKSCREEN_TOP" packageHeight="45" >
      <Label layer="REF DES/SILKSCREEN_TOP" textBlock="3" angle="0" x="0" y="-25" text="Ref" justify="center" />
    </Layer>
    <Layer name="DEVICE TYPE/SILKSCREEN_TOP" packageHeight="45" >
      <Label layer="DEVICE TYPE/SILKSCREEN_TOP" textBlock="3" angle="0" x="0" y="-25" text="Dev" justify="center" />
    </Layer>
    <Layer name="USER PART NUMBER/SILKSCREEN_TOP" packageHeight="45" >
      <Label layer="USER PART NUMBER/SILKSCREEN_TOP" textBlock="3" angle="0" x="0" y="-25" text="PN" justify="center" />
    </Layer>
    <Layer name="DEVICE TYPE/ASSEMBLY_TOP" packageHeight="45" >
      <Label layer="DEVICE TYPE/ASSEMBLY_TOP" textBlock="3" angle="0" x="0" y="-25" text="DEV" justify="center" />
    </Layer>
    <Layer name="COMPONENT VALUE/SILKSCREEN_TOP" packageHeight="45" >
      <Label layer="COMPONENT VALUE/SILKSCREEN_TOP" textBlock="3" angle="0" x="0" y="-25" text="VAL" justify="center" />
    </Layer>
    <Layer name="TOLERANCE/SILKSCREEN_TOP" packageHeight="45" >
      <Label layer="TOLERANCE/SILKSCREEN_TOP" textBlock="3" angle="0" x="0" y="-25" text="TOL" justify="center" />
    </Layer>
    <Layer name="REF DES/ASSEMBLY_TOP" packageHeight="45" >
      <Label layer="REF DES/ASSEMBLY_TOP" textBlock="3" angle="0" x="0" y="-25" text="Ref" justify="center" />
    </Layer>
    <Layer name="PACKAGE GEOMETRY/SILKSCREEN_TOP" packageHeight="45" >
      <Label layer="PACKAGE GEOMETRY/SILKSCREEN_TOP" textBlock="3" angle="0" x="-67.2775" y="129.402" text="*" justify="center" />
    </Layer>
    <Layer name="PACKAGE GEOMETRY/ASSEMBLY_TOP" packageHeight="45" >
      <Label layer="PACKAGE GEOMETRY/ASSEMBLY_TOP" textBlock="3" angle="0" x="-18.5" y="83" text="*" justify="center" />
    </Layer>
    <Layer name="PACKAGE GEOMETRY/SILKSCREEN_TOP" packageHeight="45" >
      <Path lineWidth="6" type="line" >
        <Point x="-38.5" y="-66" />
        <Point x="38.5" y="-66" />
      </Path>
    </Layer>
    <Layer name="PACKAGE GEOMETRY/SILKSCREEN_TOP" packageHeight="45" >
      <Path lineWidth="6" type="line" >
        <Point x="38.5" y="-13.3016" />
        <Point x="38.5" y="13.3016" />
      </Path>
    </Layer>
    <Layer name="PACKAGE GEOMETRY/SILKSCREEN_TOP" packageHeight="45" >
      <Path lineWidth="6" type="line" >
        <Point x="38.5" y="66" />
        <Point x="-38.5" y="66" />
      </Path>
    </Layer>
    <Layer name="PACKAGE GEOMETRY/ASSEMBLY_TOP" packageHeight="45" >
      <Path lineWidth="0" type="line" >
        <Point x="-33.5" y="-61" />
        <Point x="33.5" y="-61" />
      </Path>
    </Layer>
    <Layer name="PACKAGE GEOMETRY/ASSEMBLY_TOP" packageHeight="45" >
      <Path lineWidth="0" type="line" >
        <Point x="33.5" y="-61" />
        <Point x="33.5" y="61" />
      </Path>
    </Layer>
    <Layer name="PACKAGE GEOMETRY/ASSEMBLY_TOP" packageHeight="45" >
      <Path lineWidth="0" type="line" >
        <Point x="33.5" y="61" />
        <Point x="-33.5" y="61" />
      </Path>
    </Layer>
    <Layer name="PACKAGE GEOMETRY/ASSEMBLY_TOP" packageHeight="45" >
      <Path lineWidth="0" type="line" >
        <Point x="-33.5" y="61" />
        <Point x="-33.5" y="-61" />
      </Path>
    </Layer>
    <Layer name="PACKAGE GEOMETRY/ASSEMBLY_TOP" packageHeight="45" >
      <Arc lineWidth="0" centerX="0" centerY="61" x1="-12" y1="61" x2="12" y2="61" startAngle="180" stopAngle="360" /> 
    </Layer>
  </Layers>
  <Step file="AP2112K-1P8TRG1_DIO.step" rotation_x="0" />
</Footprint>
