<Footprint name="TL4105AF160QG_EWI" >
  <Units type="mils" precision="3" />
  <Extents minX="-2664.5" minY="-2736.5" width="4064.5" height="4258" />
  <Padstack name="RX32Y55D0T" type="single" > 
    <Layers>
      <Layer name="TOP" >
        <Pad shape="rectangle" width="32" height="55" /> 
      </Layer>
      <Layer name="PASTEMASK_TOP" >
        <Pad shape="rectangle" width="32" height="55" /> 
      </Layer>
      <Layer name="SOLDERMASK_TOP" >
        <Pad shape="rectangle" width="32" height="55" /> 
      </Layer>
    </Layers>
  </Padstack>
  <Padstack name="OX31Y59D0T" type="single" > 
    <Layers>
      <Layer name="TOP" >
        <Pad shape="oblong" width="31" height="59" /> 
      </Layer>
      <Layer name="SOLDERMASK_TOP" >
        <Pad shape="oblong" width="31" height="59" /> 
      </Layer>
      <Layer name="PASTEMASK_TOP" >
        <Pad shape="oblong" width="31" height="59" /> 
      </Layer>
    </Layers>
  </Padstack>
  <Padstack name="Slot_16" type="through-hole" > 
    <Hole plating="non-plated" >
      <Drill figure="circle" diameter="16" width="16" height="16" />
    </Hole>
    <Symbol figure="Triangle" diameter="40" width="40" height="40" drillChars="P" />
    <Layers>
      <Layer name="TOP" >
        <Pad shape="circle" width="16" height="16" /> 
      </Layer>
      <Layer name="BOTTOM" >
        <Pad shape="circle" width="16" height="16" /> 
      </Layer>
      <Layer name="SOLDERMASK_TOP" >
        <Pad shape="circle" width="16" height="16" /> 
      </Layer>
      <Layer name="SOLDERMASK_BOTTOM" >
        <Pad shape="circle" width="16" height="16" /> 
      </Layer>
      <Layer name="default_internal" >
        <Pad shape="circle" width="16" height="16" /> 
      </Layer>
    </Layers>
  </Padstack>

  <TextBlocks>
    <TextBlock name="17" width="6.25" height="25" lineSpacing="25" characterSpacing="6.25" /> 
  </TextBlocks>

  <Pins>
    <Pin number="1" padName="RX32Y55D0T" originX="-45.25" originY="59" rotation="0" isMechanical="no" textBlk="1" />
    <Pin number="2" padName="RX32Y55D0T" originX="0" originY="59" rotation="0" isMechanical="no" textBlk="1" />
    <Pin number="3" padName="RX32Y55D0T" originX="45.25" originY="59" rotation="0" isMechanical="no" textBlk="1" />
    <Pin number="4" padName="OX31Y59D0T" originX="-92.5" originY="37.5" rotation="0" isMechanical="yes" textBlk="1" />
    <Pin number="5" padName="OX31Y59D0T" originX="92.5" originY="37.5" rotation="0" isMechanical="yes" textBlk="1" />
    <Pin number="6" padName="Slot_16" originX="-92.5" originY="51" rotation="0" isMechanical="yes" textBlk="1" />
    <Pin number="7" padName="Slot_16" originX="-92.5" originY="24" rotation="0" isMechanical="yes" textBlk="1" />
    <Pin number="8" padName="Slot_16" originX="92.5" originY="51" rotation="0" isMechanical="yes" textBlk="1" />
    <Pin number="9" padName="Slot_16" originX="92.5" originY="24" rotation="0" isMechanical="yes" textBlk="1" />
  </Pins>
  <Vias>
  </Vias>
  <Layers>
    <Layer name="PACKAGE GEOMETRY/PLACE_BOUND_TOP" packageHeight="33" packageHeightMin="0">
      <Path lineWidth="0" type="shape" >
        <Point x="-118" y="96.5" />
        <Point x="-118" y="-61.5" />
        <Point x="118" y="-61.5" />
        <Point x="118" y="96.5" />
        <Point x="-118" y="96.5" />
      </Path>
    </Layer>
    <Layer name="MANUFACTURING/NO_PROBE_TOP" packageHeight="33" >
      <Path lineWidth="0" type="shape" >
        <Point x="109.5" y="66.5" />
        <Point x="109.5" y="-66.5" />
        <Point x="-109.5" y="-66.5" />
        <Point x="-109.5" y="66.5" />
        <Point x="109.5" y="66.5" />
      </Path>
    </Layer>
    <Layer name="REF DES/SILKSCREEN_TOP" packageHeight="33" >
      <Label layer="REF DES/SILKSCREEN_TOP" textBlock="3" angle="0" x="0" y="34" text="Ref" justify="center" />
    </Layer>
    <Layer name="DEVICE TYPE/SILKSCREEN_TOP" packageHeight="33" >
      <Label layer="DEVICE TYPE/SILKSCREEN_TOP" textBlock="3" angle="0" x="0" y="34" text="Dev" justify="center" />
    </Layer>
    <Layer name="USER PART NUMBER/SILKSCREEN_TOP" packageHeight="33" >
      <Label layer="USER PART NUMBER/SILKSCREEN_TOP" textBlock="3" angle="0" x="0" y="34" text="PN" justify="center" />
    </Layer>
    <Layer name="DEVICE TYPE/ASSEMBLY_TOP" packageHeight="33" >
      <Label layer="DEVICE TYPE/ASSEMBLY_TOP" textBlock="3" angle="0" x="0" y="34" text="DEV" justify="center" />
    </Layer>
    <Layer name="COMPONENT VALUE/SILKSCREEN_TOP" packageHeight="33" >
      <Label layer="COMPONENT VALUE/SILKSCREEN_TOP" textBlock="3" angle="0" x="0" y="34" text="VAL" justify="center" />
    </Layer>
    <Layer name="TOLERANCE/SILKSCREEN_TOP" packageHeight="33" >
      <Label layer="TOLERANCE/SILKSCREEN_TOP" textBlock="3" angle="0" x="0" y="34" text="TOL" justify="center" />
    </Layer>
    <Layer name="REF DES/ASSEMBLY_TOP" packageHeight="33" >
      <Label layer="REF DES/ASSEMBLY_TOP" textBlock="3" angle="0" x="0" y="34" text="Ref" justify="center" />
    </Layer>
    <Layer name="PACKAGE GEOMETRY/ASSEMBLY_TOP" packageHeight="33" >
      <Circle type="line"  lineWidth="20" originX="-45.25" originY="134" radius="15" > 
    </Layer>
    <Layer name="PACKAGE GEOMETRY/SILKSCREEN_TOP" packageHeight="33" >
      <Circle type="line"  lineWidth="20" originX="-169.5" originY="59" radius="15" > 
    </Layer>
    <Layer name="PACKAGE GEOMETRY/SILKSCREEN_BOTTOM" packageHeight="33" >
      <Circle type="line"  lineWidth="20" originX="-169.5" originY="59" radius="15" > 
    </Layer>
    <Layer name="PACKAGE GEOMETRY/SILKSCREEN_TOP" packageHeight="33" >
      <Path lineWidth="6" type="line" >
        <Point x="-99.5" y="-56.5" />
        <Point x="99.5" y="-56.5" />
      </Path>
    </Layer>
    <Layer name="PACKAGE GEOMETRY/SILKSCREEN_TOP" packageHeight="33" >
      <Path lineWidth="6" type="line" >
        <Point x="99.5" y="-56.5" />
        <Point x="99.5" y="-4.2301" />
      </Path>
    </Layer>
    <Layer name="PACKAGE GEOMETRY/SILKSCREEN_TOP" packageHeight="33" >
      <Path lineWidth="6" type="line" >
        <Point x="-99.5" y="-4.2301" />
        <Point x="-99.5" y="-56.5" />
      </Path>
    </Layer>
    <Layer name="PACKAGE GEOMETRY/ASSEMBLY_TOP" packageHeight="33" >
      <Path lineWidth="0" type="line" >
        <Point x="-94.5" y="-51.5" />
        <Point x="94.5" y="-51.5" />
      </Path>
    </Layer>
    <Layer name="PACKAGE GEOMETRY/ASSEMBLY_TOP" packageHeight="33" >
      <Path lineWidth="0" type="line" >
        <Point x="94.5" y="-51.5" />
        <Point x="94.5" y="51.5" />
      </Path>
    </Layer>
    <Layer name="PACKAGE GEOMETRY/ASSEMBLY_TOP" packageHeight="33" >
      <Path lineWidth="0" type="line" >
        <Point x="94.5" y="51.5" />
        <Point x="-94.5" y="51.5" />
      </Path>
    </Layer>
    <Layer name="PACKAGE GEOMETRY/ASSEMBLY_TOP" packageHeight="33" >
      <Path lineWidth="0" type="line" >
        <Point x="-94.5" y="51.5" />
        <Point x="-94.5" y="-51.5" />
      </Path>
    </Layer>
    <Layer name="BOARD GEOMETRY/OUTLINE" packageHeight="33" >
      <Path lineWidth="16" type="line" >
        <Point x="-92.5" y="24" />
        <Point x="-92.5" y="51" />
      </Path>
    </Layer>
    <Layer name="BOARD GEOMETRY/OUTLINE" packageHeight="33" >
      <Path lineWidth="16" type="line" >
        <Point x="92.5" y="24" />
        <Point x="92.5" y="51" />
      </Path>
    </Layer>
    <Layer name="BOARD GEOMETRY/OUTLINE" packageHeight="33" >
      <Path lineWidth="0" type="line" >
        <Point x="-75" y="-31.5" />
        <Point x="-75" y="21.5" />
      </Path>
    </Layer>
    <Layer name="BOARD GEOMETRY/OUTLINE" packageHeight="33" >
      <Path lineWidth="0" type="line" >
        <Point x="-75" y="21.5" />
        <Point x="75" y="21.5" />
      </Path>
    </Layer>
    <Layer name="BOARD GEOMETRY/OUTLINE" packageHeight="33" >
      <Path lineWidth="0" type="line" >
        <Point x="75" y="21.5" />
        <Point x="75" y="-31.5" />
      </Path>
    </Layer>
    <Layer name="BOARD GEOMETRY/OUTLINE" packageHeight="33" >
      <Path lineWidth="0" type="line" >
        <Point x="75" y="-31.5" />
        <Point x="94.5" y="-31.5" />
      </Path>
    </Layer>
    <Layer name="BOARD GEOMETRY/OUTLINE" packageHeight="33" >
      <Path lineWidth="0" type="line" >
        <Point x="94.5" y="-31.5" />
        <Point x="94.5" y="-51.5" />
      </Path>
    </Layer>
    <Layer name="BOARD GEOMETRY/OUTLINE" packageHeight="33" >
      <Path lineWidth="0" type="line" >
        <Point x="94.5" y="-51.5" />
        <Point x="-94.5" y="-51.5" />
      </Path>
    </Layer>
    <Layer name="BOARD GEOMETRY/OUTLINE" packageHeight="33" >
      <Path lineWidth="0" type="line" >
        <Point x="-94.5" y="-51.5" />
        <Point x="-94.5" y="-31.5" />
      </Path>
    </Layer>
    <Layer name="BOARD GEOMETRY/OUTLINE" packageHeight="33" >
      <Path lineWidth="0" type="line" >
        <Point x="-94.5" y="-31.5" />
        <Point x="-75" y="-31.5" />
      </Path>
    </Layer>
    <Layer name="PACKAGE GEOMETRY/Copy Right" packageHeight="33" >
      <Label layer="PACKAGE GEOMETRY/Copy Right" textBlock="1" angle="0" x="0" y="-0.5" text="C" justify="center" />
    </Layer>
    <Layer name="PACKAGE GEOMETRY/DISPLAY_TOP" packageHeight="33" >
      <Label layer="PACKAGE GEOMETRY/DISPLAY_TOP" textBlock="3" angle="0" x="0" y="-30" text="Built_By" justify="center" />
    </Layer>
  </Layers>
</Footprint>
